test,Binary to Decimal,Easy,2,12.143978605
Player,Binary to Decimal,Easy,10,23.806229451
Player,Binary to Decimal,Easy,10,26.035713985
Player,Binary to Decimal,Easy,10,16.078508593
Player,Decimal to Binary,Easy,10,26.908223852
Player,Decimal to Binary,Easy,10,20.242402139
Player,Binary to Decimal,Easy,2,14.846826111
Player,Binary to Decimal,Easy,2,5.987918039
Player,Decimal to Binary,Medium,0,3.296042807
Jairus,Binary to Decimal,Easy,10,18.9127634
Jairus,Binary to Decimal,Easy,9,18.4270198
Player,Binary to Decimal,Easy,1,5.9655369
Player,Binary to Decimal,Easy,2,5.6923455
aaaaaaaaaaaa,Binary to Decimal,Easy,10,16.0050204
a,Binary to Decimal,Easy,1,9.7254452
aaaaaaaaaaaa,Binary to Decimal,Easy,7,14.5134042
Player,Binary to Decimal,Easy,10,19.5095001
aaaaaaaaaaaaaaaa,Binary to Decimal,Easy,7,13.4326585
Player,Binary to Decimal,Easy,10,15.562896
Player,Binary to Decimal,Easy,10,12.2003458
Jairus,Binary to Decimal,Easy,10,13.2314225
